,M1,M2,M3,M4
G,1.86,1.736,1.724,1.25
A,3.47,3.311,3.24,3.18
S,1.55,1.714,1.693,1.39
P,0.79,0.697,1.01,0.69
V,0.59,0.617,0.55,0.4
T,0.12,0.106,0.179,0.04
C,1.5,1.522,1.467,1.22
W,0.004,0.159,0.086,0.14
L,0.65,0.627,0.519,0.68
I,0.59,0.518,0.738,0.4
N,0.63,0.919,0.923,0.51
Y,0.72,0.544,0.406,0.52
D,2.44,2.578,2.165,1.91
Q,3.51,3.523,2.803,2.71
K,0.14,0.063,0.324,0.16
k,2.14,2.54,2.54,2.54
E,3.56,3.456,3.097,2.7
M,0.99,1.006,0.751,0.87
H,1.44,1.558,1.614,1.29
F,0.44,0.483,0.155,0.42
R,1.32,1.389,1.816,1.64
c,1.31,1.317,1.276,1.12
m,0.91,0.91,0.882,0.77
